CWE-ID,Name,Weakness Abstraction,Description,Extended Description,Applicable Platforms,Modes Of Introduction,OWASP_Category
22,Improper Limitation of a Pathname to a Restricted Directory ('Path Traversal'),Base,"The product uses external input to construct a pathname that is intended to identify a file or directory that is located underneath a restricted parent directory, but the product does not properly neutralize special elements within the pathname that can cause the pathname to resolve to a location that is outside of the restricted directory.","Many file operations are intended to take place within a restricted directory. By using special elements such as .. and / separators, attackers can escape outside of the restricted location to access files or directories that are elsewhere on the system. One of the most common special elements is the ../ sequence, which in most modern operating systems is interpreted as the parent directory of the current location. This is referred to as relative path traversal. Path traversal also covers the use of absolute pathnames such as /usr/local/bin to access unexpected files. This is referred to as absolute path traversal.",::LANGUAGE CLASS:Not Language-Specific:LANGUAGE PREVALENCE:Undetermined::TECHNOLOGY NAME:AI/ML:TECHNOLOGY PREVALENCE:Often::,::PHASE:Implementation::,A01:2025 Broken Access Control
23,Relative Path Traversal,Base,"The product uses external input to construct a pathname that should be within a restricted directory, but it does not properly neutralize sequences such as .. that can resolve to a location that is outside of that directory.",,::LANGUAGE CLASS:Not Language-Specific:LANGUAGE PREVALENCE:Undetermined::TECHNOLOGY CLASS:Not Technology-Specific:TECHNOLOGY PREVALENCE:Undetermined::TECHNOLOGY CLASS:Web Based:TECHNOLOGY PREVALENCE:Often::TECHNOLOGY NAME:AI/ML:TECHNOLOGY PREVALENCE:Often::,::PHASE:Implementation::,A01:2025 Broken Access Control
78,Improper Neutralization of Special Elements used in an OS Command ('OS Command Injection'),Base,"The product constructs all or part of an OS command using externally-influenced input from an upstream component, but it does not neutralize or incorrectly neutralizes special elements that could modify the intended OS command when it is sent to a downstream component.","This weakness can lead to a vulnerability in environments in which the attacker does not have direct access to the operating system, such as in web applications. Alternately, if the weakness occurs in a privileged program, it could allow the attacker to specify commands that normally would not be accessible, or to call alternate commands with privileges that the attacker does not have. The problem is exacerbated if the compromised process does not follow the principle of least privilege, because the attacker-controlled commands may run with special system privileges that increases the amount of damage. There are at least two subtypes of OS command injection: The application intends to execute a single, fixed program that is under its own control. It intends to use externally-supplied inputs as arguments to that program. For example, the program might use system(nslookup [HOSTNAME]) to run nslookup and allow the user to supply a HOSTNAME, which is used as an argument. Attackers cannot prevent nslookup from executing. However, if the program does not remove command separators from the HOSTNAME argument, attackers could place the separators into the arguments, which allows them to execute their own program after nslookup has finished executing. The application accepts an input that it uses to fully select which program to run, as well as which commands to use. The application simply redirects this entire command to the operating system. For example, the program might use exec([COMMAND]) to execute the [COMMAND] that was supplied by the user. If the COMMAND is under attacker control, then the attacker can execute arbitrary commands or programs. If the command is being executed using functions like exec() and CreateProcess(), the attacker might not be able to combine multiple commands together in the same line. From a weakness standpoint, these variants represent distinct programmer errors. In the first variant, the programmer clearly intends that input from untrusted parties will be part of the arguments in the command to be executed. In the second variant, the programmer does not intend for the command to be accessible to any untrusted party, but the programmer probably has not accounted for alternate ways in which malicious attackers can provide input.",::LANGUAGE CLASS:Not Language-Specific:LANGUAGE PREVALENCE:Undetermined::TECHNOLOGY CLASS:Not Technology-Specific:TECHNOLOGY PREVALENCE:Undetermined::TECHNOLOGY NAME:AI/ML:TECHNOLOGY PREVALENCE:Often::TECHNOLOGY NAME:Web Server:TECHNOLOGY PREVALENCE:Often::,::PHASE:Implementation:NOTE:REALIZATION: This weakness is caused during implementation of an architectural security tactic.::,A05:2025 Injection
79,Improper Neutralization of Input During Web Page Generation ('Cross-site Scripting'),Base,The product does not neutralize or incorrectly neutralizes user-controllable input before it is placed in output that is used as a web page that is served to other users.,"There are many variants of cross-site scripting, characterized by a variety of terms or involving different attack topologies. However, they all indicate the same fundamental weakness: improper neutralization of dangerous input between the adversary and a victim.",::LANGUAGE CLASS:Not Language-Specific:LANGUAGE PREVALENCE:Undetermined::TECHNOLOGY NAME:AI/ML:TECHNOLOGY PREVALENCE:Undetermined::TECHNOLOGY CLASS:Web Based:TECHNOLOGY PREVALENCE:Often::TECHNOLOGY NAME:Web Server:TECHNOLOGY PREVALENCE:Undetermined::,::PHASE:Implementation:NOTE:REALIZATION: This weakness is caused during implementation of an architectural security tactic.::,A05:2025 Injection
89,Improper Neutralization of Special Elements used in an SQL Command ('SQL Injection'),Base,"The product constructs all or part of an SQL command using externally-influenced input from an upstream component, but it does not neutralize or incorrectly neutralizes special elements that could modify the intended SQL command when it is sent to a downstream component. Without sufficient removal or quoting of SQL syntax in user-controllable inputs, the generated SQL query can cause those inputs to be interpreted as SQL instead of ordinary user data.",,::LANGUAGE CLASS:Not Language-Specific:LANGUAGE PREVALENCE:Undetermined::LANGUAGE NAME:SQL:LANGUAGE PREVALENCE:Often::TECHNOLOGY NAME:Database Server:TECHNOLOGY PREVALENCE:Undetermined::,::PHASE:Implementation:NOTE:REALIZATION: This weakness is caused during implementation of an architectural security tactic.::PHASE:Implementation:NOTE:This weakness typically appears in data-rich applications that save user inputs in a database.::,A05:2025 Injection
90,Improper Neutralization of Special Elements used in an LDAP Query ('LDAP Injection'),Base,"The product constructs all or part of an LDAP query using externally-influenced input from an upstream component, but it does not neutralize or incorrectly neutralizes special elements that could modify the intended LDAP query when it is sent to a downstream component.",,::LANGUAGE CLASS:Not Language-Specific:LANGUAGE PREVALENCE:Undetermined::TECHNOLOGY NAME:Database Server:TECHNOLOGY PREVALENCE:Undetermined::,::PHASE:Implementation:NOTE:REALIZATION: This weakness is caused during implementation of an architectural security tactic.::,A05:2025 Injection
93,Improper Neutralization of CRLF Sequences ('CRLF Injection'),Base,"The product uses CRLF (carriage return line feeds) as a special element, e.g. to separate lines or records, but it does not neutralize or incorrectly neutralizes CRLF sequences from inputs.",,::LANGUAGE CLASS:Not Language-Specific:LANGUAGE PREVALENCE:Undetermined::,::PHASE:Implementation:NOTE:REALIZATION: This weakness is caused during implementation of an architectural security tactic.::,A05:2025 Injection
113,Improper Neutralization of CRLF Sequences in HTTP Headers ('HTTP Request/Response Splitting'),Variant,"The product receives data from an HTTP agent/component (e.g., web server, proxy, browser, etc.), but it does not neutralize or incorrectly neutralizes CR and LF characters before the data is included in outgoing HTTP headers.","HTTP agents or components may include a web server, load balancer, reverse proxy, web caching proxy, application firewall, web browser, etc. Regardless of the role, they are expected to maintain coherent, consistent HTTP communication state across all components. However, including unexpected data in an HTTP header allows an attacker to specify the entirety of the HTTP message that is rendered by the client HTTP agent (e.g., web browser) or back-end HTTP agent (e.g., web server), whether the message is part of a request or a response. When an HTTP request contains unexpected CR and LF characters, the server may respond with an output stream that is interpreted as splitting the stream into two different HTTP messages instead of one. CR is carriage return, also given by %0d or r, and LF is line feed, also given by %0a or n. In addition to CR and LF characters, other valid/RFC compliant special characters and unique character encodings can be utilized, such as HT (horizontal tab, also given by %09 or t) and SP (space, also given as + sign or %20). These types of unvalidated and unexpected data in HTTP message headers allow an attacker to control the second split message to mount attacks such as server-side request forgery, cross-site scripting, and cache poisoning attacks. HTTP response splitting weaknesses may be present when: Data enters a web application through an untrusted source, most frequently an HTTP request. The data is included in an HTTP response header sent to a web user without neutralizing malicious characters that can be interpreted as separator characters for headers.",::LANGUAGE CLASS:Not Language-Specific:LANGUAGE PREVALENCE:Undetermined::TECHNOLOGY CLASS:Web Based:TECHNOLOGY PREVALENCE:Undetermined::TECHNOLOGY NAME:Web Server:TECHNOLOGY PREVALENCE:Undetermined::,::PHASE:Implementation::,A05:2025 Injection
297,Improper Validation of Certificate with Host Mismatch,Variant,"The product communicates with a host that provides a certificate, but the product does not properly ensure that the certificate is actually associated with that host.","Even if a certificate is well-formed, signed, and follows the chain of trust, it may simply be a valid certificate for a different site than the site that the product is interacting with. In order to ensure data integrity, the certificate must be valid, and it must pertain to the site that is being accessed. Even if the product attempts to check the hostname, it is still possible to incorrectly check the hostname. For example, attackers could create a certificate with a name that begins with a trusted name followed by a NUL byte, which could cause some string-based comparisons to only examine the portion that contains the trusted name.",::LANGUAGE CLASS:Not Language-Specific:LANGUAGE PREVALENCE:Undetermined::TECHNOLOGY CLASS:Not Technology-Specific:TECHNOLOGY PREVALENCE:Undetermined::TECHNOLOGY CLASS:Mobile:TECHNOLOGY PREVALENCE:Undetermined::TECHNOLOGY CLASS:Web Based:TECHNOLOGY PREVALENCE:Undetermined::,"::PHASE:Implementation:NOTE:When the product uses certificate pinning, the developer might not properly validate all relevant components of the certificate, such as verifying the hostname, before pinning the certificate. This can make it difficult or expensive to test after the pinning is complete.::PHASE:Implementation:NOTE:REALIZATION: This weakness is caused during implementation of an architectural security tactic.::",A07:2025 Authentication Failures
327,Use of a Broken or Risky Cryptographic Algorithm,Class,The product uses a broken or risky cryptographic algorithm or protocol.,"Cryptographic algorithms are the methods by which data is scrambled to prevent observation or influence by unauthorized actors. Insecure cryptography can be exploited to expose sensitive information, modify data in unexpected ways, spoof identities of other users or devices, or other impacts. It is very difficult to produce a secure algorithm, and even high-profile algorithms by accomplished cryptographic experts have been broken. Well-known techniques exist to break or weaken various kinds of cryptography. Accordingly, there are a small number of well-understood and heavily studied algorithms that should be used by most products. Using a non-standard or known-insecure algorithm is dangerous because a determined adversary may be able to break the algorithm and compromise whatever data has been protected. Since the state of cryptography advances so rapidly, it is common for an algorithm to be considered unsafe even if it was once thought to be strong. This can happen when new attacks are discovered, or if computing power increases so much that the cryptographic algorithm no longer provides the amount of protection that was originally thought. For a number of reasons, this weakness is even more challenging to manage with hardware deployment of cryptographic algorithms as opposed to software implementation. First, if a flaw is discovered with hardware-implemented cryptography, the flaw cannot be fixed in most cases without a recall of the product, because hardware is not easily replaceable like software. Second, because the hardware product is expected to work for years, the adversary's computing power will only increase over time.",::LANGUAGE CLASS:Not Language-Specific:LANGUAGE PREVALENCE:Undetermined::LANGUAGE NAME:Verilog:LANGUAGE PREVALENCE:Undetermined::LANGUAGE NAME:VHDL:LANGUAGE PREVALENCE:Undetermined::TECHNOLOGY CLASS:Not Technology-Specific:TECHNOLOGY PREVALENCE:Undetermined::TECHNOLOGY CLASS:ICS/OT:TECHNOLOGY PREVALENCE:Undetermined::,"::PHASE:Architecture and Design:NOTE:COMMISSION: This weakness refers to an incorrect design related to an architectural security tactic.::PHASE:Implementation:NOTE:With hardware, the Architecture or Design Phase might start with compliant cryptography, but it is replaced with a non-compliant crypto during the later Implementation phase due to implementation constraints (e.g., not enough entropy to make it function properly, or not enough silicon real estate available to implement). Or, in rare cases (especially for long projects that span over years), the Architecture specifications might start with cryptography that was originally compliant at the time the Architectural specs were written, but over the time it became non-compliant due to progress made in attacking the crypto.::",A04:2025 Cryptographic Failures
329,Generation of Predictable IV with CBC Mode,Variant,"The product generates and uses a predictable initialization Vector (IV) with Cipher Block Chaining (CBC) Mode, which causes algorithms to be susceptible to dictionary attacks when they are encrypted under the same key.","CBC mode eliminates a weakness of Electronic Code Book (ECB) mode by allowing identical plaintext blocks to be encrypted to different ciphertext blocks. This is possible by the XOR-ing of an IV with the initial plaintext block so that every plaintext block in the chain is XOR'd with a different value before encryption. If IVs are reused, then identical plaintexts would be encrypted to identical ciphertexts. However, even if IVs are not identical but are predictable, then they still break the security of CBC mode against Chosen Plaintext Attacks (CPA).",::LANGUAGE CLASS:Not Language-Specific:LANGUAGE PREVALENCE:Undetermined::TECHNOLOGY CLASS:ICS/OT:TECHNOLOGY PREVALENCE:Undetermined::,"::PHASE:Implementation:NOTE:Developers might dismiss the importance of an unpredictable IV and choose an easier implementation to save effort, weakening the scheme in the process.::",A04:2025 Cryptographic Failures
345,Insufficient Verification of Data Authenticity,Class,"The product does not sufficiently verify the origin or authenticity of data, in a way that causes it to accept invalid data.",,::LANGUAGE CLASS:Not Language-Specific:LANGUAGE PREVALENCE:Undetermined::TECHNOLOGY CLASS:ICS/OT:TECHNOLOGY PREVALENCE:Undetermined::,::PHASE:Architecture and Design::PHASE:Implementation:NOTE:REALIZATION: This weakness is caused during implementation of an architectural security tactic.::,A08:2025 Software or Data Integrity Failures
454,External Initialization of Trusted Variables or Data Stores,Base,The product initializes critical internal variables or data stores using inputs that can be modified by untrusted actors.,"A product system should be reluctant to trust variables that have been initialized outside of its trust boundary, especially if they are initialized by users. The variables may have been initialized incorrectly. If an attacker can initialize the variable, then they can influence what the vulnerable system will do.",::LANGUAGE NAME:PHP:LANGUAGE PREVALENCE:Sometimes::LANGUAGE CLASS:Not Language-Specific:LANGUAGE PREVALENCE:Undetermined::,::PHASE:Architecture and Design::PHASE:Implementation::,A06:2025 Insecure Design
502,Deserialization of Untrusted Data,Base,The product deserializes untrusted data without sufficiently ensuring that the resulting data will be valid.,,::LANGUAGE NAME:Java:LANGUAGE PREVALENCE:Undetermined::LANGUAGE NAME:Ruby:LANGUAGE PREVALENCE:Undetermined::LANGUAGE NAME:PHP:LANGUAGE PREVALENCE:Undetermined::LANGUAGE NAME:Python:LANGUAGE PREVALENCE:Undetermined::LANGUAGE NAME:JavaScript:LANGUAGE PREVALENCE:Undetermined::TECHNOLOGY CLASS:Not Technology-Specific:TECHNOLOGY PREVALENCE:Undetermined::TECHNOLOGY CLASS:ICS/OT:TECHNOLOGY PREVALENCE:Often::TECHNOLOGY NAME:AI/ML:TECHNOLOGY PREVALENCE:Often::,::PHASE:Architecture and Design:NOTE:OMISSION: This weakness is caused by missing a security tactic during the architecture and design phase.::PHASE:Implementation::,A08:2025 Software or Data Integrity Failures
601,URL Redirection to Untrusted Site ('Open Redirect'),Base,"The web application accepts a user-controlled input that specifies a link to an external site, and uses that link in a redirect.",,::LANGUAGE CLASS:Not Language-Specific:LANGUAGE PREVALENCE:Undetermined::TECHNOLOGY CLASS:Web Based:TECHNOLOGY PREVALENCE:Undetermined::TECHNOLOGY NAME:Web Server:TECHNOLOGY PREVALENCE:Undetermined::,::PHASE:Architecture and Design:NOTE:OMISSION: This weakness is caused by missing a security tactic during the architecture and design phase.::PHASE:Implementation::,A01:2025 Broken Access Control
611,Improper Restriction of XML External Entity Reference,Base,"The product processes an XML document that can contain XML entities with URIs that resolve to documents outside of the intended sphere of control, causing the product to embed incorrect documents into its output.",,::LANGUAGE CLASS:Not Language-Specific:LANGUAGE PREVALENCE:Undetermined::LANGUAGE NAME:XML:LANGUAGE PREVALENCE:Undetermined::TECHNOLOGY CLASS:Not Technology-Specific:TECHNOLOGY PREVALENCE:Undetermined::TECHNOLOGY CLASS:Web Based:TECHNOLOGY PREVALENCE:Undetermined::,::PHASE:Implementation:NOTE:REALIZATION: This weakness is caused during implementation of an architectural security tactic.::,A02:2025 Security Misconfiguration
643,Improper Neutralization of Data within XPath Expressions ('XPath Injection'),Base,"The product uses external input to dynamically construct an XPath expression used to retrieve data from an XML database, but it does not neutralize or incorrectly neutralizes that input. This allows an attacker to control the structure of the query.","The net effect is that the attacker will have control over the information selected from the XML database and may use that ability to control application flow, modify logic, retrieve unauthorized data, or bypass important checks (e.g. authentication).",::LANGUAGE CLASS:Not Language-Specific:LANGUAGE PREVALENCE:Undetermined::,::PHASE:Implementation:NOTE:REALIZATION: This weakness is caused during implementation of an architectural security tactic.::,A05:2025 Injection
918,Server-Side Request Forgery (SSRF),Base,"The web server receives a URL or similar request from an upstream component and retrieves the contents of this URL, but it does not sufficiently ensure that the request is being sent to the expected destination.",,::LANGUAGE CLASS:Not Language-Specific:LANGUAGE PREVALENCE:Undetermined::TECHNOLOGY CLASS:Web Based:TECHNOLOGY PREVALENCE:Undetermined::TECHNOLOGY NAME:AI/ML:TECHNOLOGY PREVALENCE:Often::TECHNOLOGY NAME:Web Server:TECHNOLOGY PREVALENCE:Undetermined::,::PHASE:Architecture and Design::PHASE:Implementation::,A01:2025 Broken Access Control